neuron_count,repeat_id,train_size,test_size,mae_circular_deg,median_ae_circular_deg,model_type,shuffle_control
10,0,3679,919,17.4467,10.3868,OLS,False
10,1,3679,919,28.2664,17.6233,OLS,False
10,2,3679,919,18.184,10.4331,OLS,False
10,3,3679,919,13.7404,8.9053,OLS,False
10,4,3679,919,15.505,9.6388,OLS,False
10,5,3679,919,21.0619,12.6555,OLS,False
10,6,3679,919,20.5417,11.3212,OLS,False
10,7,3679,919,20.1342,11.6191,OLS,False
10,8,3679,919,23.3011,13.9325,OLS,False
10,9,3679,919,21.4636,10.6226,OLS,False
10,10,3679,919,13.4561,9.5546,OLS,False
10,11,3679,919,22.774,13.7461,OLS,False
10,12,3679,919,21.1777,12.7668,OLS,False
10,13,3679,919,27.2598,15.8681,OLS,False
10,14,3679,919,17.2258,11.3173,OLS,False
10,15,3679,919,16.9122,10.5965,OLS,False
10,16,3679,919,19.4102,12.2915,OLS,False
10,17,3679,919,25.6308,15.8856,OLS,False
10,18,3679,919,22.0861,12.2937,OLS,False
10,19,3679,919,13.5311,9.4731,OLS,False
25,0,3679,919,9.399,6.1381,OLS,False
25,1,3679,919,10.6635,6.3968,OLS,False
25,2,3679,919,9.3307,6.7199,OLS,False
25,3,3679,919,10.0073,6.5218,OLS,False
25,4,3679,919,9.8741,6.7969,OLS,False
25,5,3679,919,10.1436,6.8148,OLS,False
25,6,3679,919,9.2976,6.0056,OLS,False
25,7,3679,919,8.3317,6.007,OLS,False
25,8,3679,919,9.6001,6.1691,OLS,False
25,9,3679,919,11.7618,6.2852,OLS,False
25,10,3679,919,8.9328,6.2484,OLS,False
25,11,3679,919,12.5778,7.6928,OLS,False
25,12,3679,919,13.3502,7.5733,OLS,False
25,13,3679,919,9.7667,6.7611,OLS,False
25,14,3679,919,8.4418,5.9179,OLS,False
25,15,3679,919,12.5036,7.4299,OLS,False
25,16,3679,919,8.4381,5.7088,OLS,False
25,17,3679,919,9.7038,6.67,OLS,False
25,18,3679,919,10.4103,6.7855,OLS,False
25,19,3679,919,12.7872,7.8393,OLS,False
50,0,3679,919,6.3083,4.8724,OLS,False
50,1,3679,919,6.0316,4.6891,OLS,False
50,2,3679,919,6.3343,4.5035,OLS,False
50,3,3679,919,4.8442,3.8751,OLS,False
50,4,3679,919,6.6052,4.8651,OLS,False
50,5,3679,919,6.1311,4.6032,OLS,False
50,6,3679,919,5.8523,4.4382,OLS,False
50,7,3679,919,7.143,5.295,OLS,False
50,8,3679,919,6.6707,4.7456,OLS,False
50,9,3679,919,6.1903,4.7662,OLS,False
50,10,3679,919,5.389,4.1981,OLS,False
50,11,3679,919,6.6318,4.6426,OLS,False
50,12,3679,919,7.0987,4.8549,OLS,False
50,13,3679,919,7.097,4.9427,OLS,False
50,14,3679,919,5.6526,4.1743,OLS,False
50,15,3679,919,6.4337,4.7265,OLS,False
50,16,3679,919,6.1819,4.6666,OLS,False
50,17,3679,919,7.7859,5.5399,OLS,False
50,18,3679,919,6.3802,4.618,OLS,False
50,19,3679,919,5.9224,4.3643,OLS,False
100,0,3679,919,4.8666,3.8186,OLS,False
100,1,3679,919,4.5271,3.5235,OLS,False
100,2,3679,919,4.4729,3.5181,OLS,False
100,3,3679,919,4.2854,3.2749,OLS,False
100,4,3679,919,4.426,3.4458,OLS,False
100,5,3679,919,4.2833,3.33,OLS,False
100,6,3679,919,4.2636,3.4013,OLS,False
100,7,3679,919,4.6114,3.5573,OLS,False
100,8,3679,919,4.1397,3.2865,OLS,False
100,9,3679,919,4.7208,3.6619,OLS,False
100,10,3679,919,4.6566,3.7672,OLS,False
100,11,3679,919,4.588,3.609,OLS,False
100,12,3679,919,4.9079,3.8769,OLS,False
100,13,3679,919,4.3975,3.434,OLS,False
100,14,3679,919,4.5872,3.6415,OLS,False
100,15,3679,919,4.6552,3.6078,OLS,False
100,16,3679,919,4.555,3.5121,OLS,False
100,17,3679,919,4.0241,3.2095,OLS,False
100,18,3679,919,4.1691,3.2653,OLS,False
100,19,3679,919,4.5468,3.4689,OLS,False
250,0,3679,919,3.4461,2.7774,OLS,False
250,1,3679,919,3.5028,2.8916,OLS,False
250,2,3679,919,3.4039,2.7457,OLS,False
250,3,3679,919,3.4075,2.8031,OLS,False
250,4,3679,919,3.2385,2.6304,OLS,False
250,5,3679,919,3.5226,2.824,OLS,False
250,6,3679,919,3.6348,2.94,OLS,False
250,7,3679,919,3.4502,2.808,OLS,False
250,8,3679,919,3.5572,2.8977,OLS,False
250,9,3679,919,3.3065,2.6889,OLS,False
250,10,3679,919,3.4969,2.8761,OLS,False
250,11,3679,919,3.4401,2.8026,OLS,False
250,12,3679,919,3.5659,2.903,OLS,False
250,13,3679,919,3.3048,2.7035,OLS,False
250,14,3679,919,3.3427,2.7195,OLS,False
250,15,3679,919,3.5548,2.847,OLS,False
250,16,3679,919,3.3877,2.7504,OLS,False
250,17,3679,919,3.3649,2.7172,OLS,False
250,18,3679,919,3.4948,2.8218,OLS,False
250,19,3679,919,3.3718,2.7758,OLS,False
500,0,3679,919,2.8545,2.3545,OLS,False
500,1,3679,919,3.0309,2.4802,OLS,False
500,2,3679,919,2.9751,2.4079,OLS,False
500,3,3679,919,2.9323,2.3662,OLS,False
500,4,3679,919,2.9757,2.425,OLS,False
500,5,3679,919,3.0435,2.4741,OLS,False
500,6,3679,919,2.9523,2.3705,OLS,False
500,7,3679,919,3.1511,2.5286,OLS,False
500,8,3679,919,3.1468,2.5373,OLS,False
500,9,3679,919,2.9942,2.4658,OLS,False
500,10,3679,919,3.0007,2.4063,OLS,False
500,11,3679,919,2.8645,2.2788,OLS,False
500,12,3679,919,3.0215,2.476,OLS,False
500,13,3679,919,2.9977,2.4445,OLS,False
500,14,3679,919,2.9964,2.4308,OLS,False
500,15,3679,919,2.965,2.4812,OLS,False
500,16,3679,919,2.8279,2.3205,OLS,False
500,17,3679,919,3.0902,2.5035,OLS,False
500,18,3679,919,2.9288,2.3832,OLS,False
500,19,3679,919,2.9435,2.4292,OLS,False
1000,0,3679,919,2.8041,2.2787,OLS,False
100,0,3679,919,45.176,45.0217,OLS,True
100,1,3679,919,45.2872,45.2562,OLS,True
100,2,3679,919,44.7537,44.5156,OLS,True
100,3,3679,919,45.0103,45.3502,OLS,True
100,4,3679,919,44.4942,44.1243,OLS,True
100,5,3679,919,45.253,45.5404,OLS,True
100,6,3679,919,45.0944,45.8064,OLS,True
100,7,3679,919,44.9183,45.2827,OLS,True
100,8,3679,919,45.5553,45.1938,OLS,True
100,9,3679,919,45.0641,45.6912,OLS,True
